Mouse i.d.,age in months,mouse Strain,Tissue region,Sample Name,Dilution,7  Li   ,11  B   ,23  Na   ,24  Mg   ,27  Al   ,31  P   ,39  K   ,42  Ca   ,47  Ti   ,52  Cr   ,55  Mn   ,56  Fe   ,59  Co   ,60  Ni   ,63  Cu   ,66  Zn   ,78  Se   ,85  Rb   ,88  Sr   ,95  Mo   ,101  Ru   ,111  Cd   
226,5,NFL,Cortex,01A,0.214,-0.010,1.137,5896.20,702.85,2.42,15544.36,18399.69,577.77,1.232,0.034,1.719,60.98,0.055,0.101,16.655,70.73,0.976,21.023,0.201,1.199,0.002,0.002
227,5,NFL,Cortex,02A,0.173,0.008,0.833,6921.36,830.80,7.15,20333.45,20781.86,2174.21,1.294,0.052,1.869,64.51,0.047,0.084,19.805,80.96,1.072,24.351,0.871,0.904,0.000,0.003
228,5,NFL,Cortex,03A,0.198,0.016,0.937,5685.38,728.41,0.51,16490.02,18682.83,1122.96,1.057,0.044,1.693,60.28,0.050,0.112,17.052,69.85,0.985,20.975,0.424,0.841,0.000,0.001
229,5,NFL,Cortex,04A,0.237,0.012,0.748,5831.46,709.97,5.46,15151.15,18348.30,199.64,1.020,0.228,1.651,62.67,0.054,0.128,16.936,71.35,1.012,22.702,0.069,0.930,0.000,0.002
230,5,NFL,Cortex,05A,0.219,-0.026,1.146,6541.57,744.45,2.05,16613.09,19809.32,207.72,1.083,1.065,1.805,70.89,0.060,0.174,18.135,76.70,0.953,24.759,0.067,0.709,0.000,0.003
232,5,NFL,Cortex,06A,0.082,-0.003,0.904,6541.17,757.58,0.77,20058.89,19534.64,243.59,1.201,5.533,1.821,65.47,0.048,0.392,18.652,73.70,1.377,22.945,0.074,0.565,0.000,0.003
233,5,NFL,Cortex,07A,0.114,-0.027,1.164,7051.53,822.76,6.61,20530.39,21190.04,492.47,1.286,0.450,2.058,76.84,0.080,0.106,19.425,84.65,1.275,25.352,0.186,0.554,0.000,0.004
234,5,NFL,Cortex,08A,0.133,-0.018,0.842,6059.27,710.84,0.60,17199.26,18652.12,224.79,1.081,0.101,1.756,62.92,0.064,1.534,17.865,68.08,0.980,25.149,0.058,0.460,0.000,0.002
238,5,NFL,Cortex,09A,0.113,-0.019,0.940,6104.00,757.13,1.32,18871.80,19591.00,205.43,1.100,0.088,1.884,66.11,0.048,0.065,17.938,72.25,1.305,25.840,0.058,0.448,0.000,0.001
237,5,NFL,Cortex,10A,0.103,0.003,1.017,5867.32,729.02,2.28,17996.53,18689.40,257.89,1.094,0.217,2.025,128.48,0.044,0.163,17.415,73.75,1.106,23.042,0.107,0.426,0.000,0.002
236,5,NFL,Cortex,11A,0.117,-0.008,0.804,6121.45,727.75,2.25,17586.99,19010.60,266.45,1.059,0.300,1.922,58.93,0.044,0.221,16.600,75.01,1.063,23.159,0.098,0.438,0.000,0.003
235,5,NFL,Cortex,12A,0.113,0.007,0.926,6161.62,717.28,1.52,17736.97,18758.97,258.08,1.083,0.076,1.884,66.24,0.047,0.713,18.366,75.50,1.124,23.838,0.080,0.404,0.000,0.002
162379,22,NFL,Cortex,13A,0.117,0.018,0.779,5618.27,687.46,1.50,17247.58,17775.62,243.80,1.005,0.141,1.634,79.20,0.051,0.130,14.788,69.01,0.999,21.738,0.074,0.567,0.000,0.003
162380,22,NFL,Cortex,14A,0.140,0.062,0.877,6057.62,703.09,3.62,17137.84,17842.61,767.35,1.090,0.118,1.549,73.71,0.051,0.088,15.496,82.31,0.999,18.248,0.203,0.544,0.000,0.003
162381,22,NFL,Cortex,15A,0.109,0.001,0.841,5601.13,665.62,1.56,16899.47,17191.88,273.97,0.975,0.079,1.582,75.48,0.048,0.069,15.059,66.02,1.020,17.044,0.100,0.518,0.000,0.002
162382,22,NFL,Cortex,16A,0.089,0.001,1.434,5562.04,682.14,2.77,17689.57,17214.41,373.81,1.076,0.125,1.469,79.18,0.050,0.059,18.040,68.69,1.227,14.426,0.132,0.530,0.000,0.002
13,22,NFL,Cortex,17A,0.102,0.014,0.764,5779.93,729.80,1.10,19218.07,18448.06,918.82,1.095,0.027,1.489,82.05,0.054,0.049,14.248,68.64,1.147,23.160,0.337,0.573,0.000,0.001
14,22,NFL,Cortex,18A,0.077,0.009,0.816,5640.49,688.40,0.62,18608.91,17831.91,184.16,1.003,0.019,1.494,77.23,0.051,0.037,17.453,68.79,1.300,20.201,0.053,0.516,0.000,0.001
15,22,NFL,Cortex,19A,0.114,0.021,0.726,5739.66,686.19,0.53,17026.20,17928.15,260.25,0.935,0.148,1.112,69.04,0.049,0.312,14.181,68.73,1.107,20.385,0.058,0.522,0.000,0.002
161464,22,(WT),Cortex,20A,0.064,0.007,0.710,6173.89,691.70,2.13,18878.27,16957.02,253.65,0.999,0.079,1.849,58.76,0.063,0.074,17.516,63.52,1.163,19.751,0.095,0.597,0.000,0.004
161466,22,(WT),Cortex,21A,0.059,0.011,0.645,5695.60,679.99,0.57,19109.65,16735.84,272.16,1.040,0.261,1.514,61.99,0.062,0.054,14.628,60.58,1.242,18.625,0.083,0.507,0.000,0.001
161468,22,(WT),Cortex,22A,0.047,0.012,0.718,5792.28,682.09,0.53,19840.57,17300.76,232.89,1.031,0.127,1.277,65.91,0.050,0.075,14.920,66.49,1.263,19.048,0.076,0.512,0.000,0.001
161469,22,(WT),Cortex,23A,0.082,0.003,0.733,5964.80,694.76,0.82,18154.34,17514.77,272.80,1.010,0.202,1.358,70.34,0.057,0.332,13.068,62.24,1.135,21.010,0.084,0.503,0.000,0.023
161470,22,(WT),Cortex,24A,0.085,0.001,3.271,7108.65,858.22,2.67,22655.07,21667.67,356.16,1.263,0.808,1.741,81.49,0.068,0.070,13.670,77.67,1.460,22.466,0.150,0.635,0.000,0.002
169,9,(WT),Cortex,25A,0.060,-0.005,0.743,6121.68,733.25,0.44,21445.58,18365.26,216.43,1.095,0.021,1.466,65.37,0.061,0.038,19.418,68.22,1.337,26.262,0.092,0.528,0.000,0.001
170,22,(WT),Cortex,26A,0.045,-0.003,0.624,6404.52,739.95,0.14,22519.66,17990.29,193.65,1.140,0.008,1.622,75.10,0.056,0.020,19.589,68.17,1.353,31.586,0.065,0.561,0.000,0.001
171,22,(WT),Cortex,27A,0.102,-0.017,0.738,6065.19,690.51,0.83,17485.15,17484.23,193.98,0.970,0.007,1.533,69.64,0.058,0.042,14.578,59.28,1.097,27.489,0.073,0.565,0.000,0.001
172,22,(WT),Cortex,28A,0.084,-0.010,0.763,6332.93,739.47,0.72,19715.63,18572.12,906.46,1.051,0.012,1.453,74.03,0.054,0.055,12.630,63.32,1.231,24.938,0.418,0.552,0.000,0.001
3119,5,(WT),Cortex,29A,0.094,0.021,0.899,7652.64,921.96,2.61,24508.61,23679.86,349.48,1.368,0.075,2.107,77.34,0.056,0.473,21.798,79.21,1.643,34.515,0.139,0.457,0.000,0.002
3120,5,(WT),Cortex,30A,0.077,0.021,0.666,6225.25,739.52,1.34,19403.60,18838.19,189.96,1.035,0.014,1.710,61.61,0.044,0.049,17.082,62.09,1.274,28.036,0.067,0.371,0.000,0.001
3121,5,(WT),Cortex,31A,0.118,-0.017,0.777,7442.91,883.84,3.20,21402.18,22145.88,311.94,1.172,0.046,2.044,73.69,0.055,0.100,18.594,77.75,1.455,32.671,0.114,0.416,0.000,0.002
3139,5,(WT),Cortex,32A,0.123,0.001,0.653,6607.88,1386.37,3.50,41082.23,15740.85,38483.48,2.411,5.683,2.517,59.08,0.041,1.325,17.631,85.26,0.865,21.448,20.097,0.324,0.000,0.003
3181,5,(WT),Cortex,33A,0.098,0.003,0.866,6561.66,818.14,2.07,20708.96,20555.25,247.11,1.105,0.083,1.826,65.90,0.051,0.790,18.411,71.60,1.291,25.968,0.108,0.390,0.000,0.002
3183,5,(WT),Cortex,34A,0.097,-0.006,0.763,6678.60,775.11,1.88,19408.98,19171.76,310.42,1.041,0.018,1.803,67.59,0.042,0.094,24.288,67.09,1.212,23.865,0.158,0.392,0.000,0.007
3184,5,(WT),Cortex,35A,0.113,0.035,0.694,6015.27,727.44,2.81,17178.31,18362.20,246.63,0.947,0.167,1.676,60.52,0.044,0.079,15.778,73.15,1.151,25.286,0.105,0.323,0.000,0.002
3185,5,(WT),Cortex,36A,0.082,0.022,0.925,6561.91,819.43,1.08,21177.04,20525.62,239.82,1.077,0.027,1.878,68.52,0.052,0.057,18.651,72.38,1.395,28.966,0.111,0.396,0.000,0.002
704,9,(WT) APP/PS1 ,Cortex,37A,0.097,0.009,0.797,5746.13,682.90,0.79,17366.62,17548.65,263.52,0.968,0.091,1.356,63.61,0.045,0.055,12.986,59.87,0.961,21.204,0.127,0.360,0.000,0.001
706,9,(WT) APP/PS1 ,Cortex,38A,0.080,0.003,0.613,6018.05,703.58,1.31,18647.13,18238.84,170.32,0.988,0.095,1.291,64.07,0.046,0.042,14.383,60.00,1.116,24.593,0.049,0.375,0.000,0.001
711,9,(WT) APP/PS1,Cortex,39A,0.072,0.008,0.819,6560.01,769.94,2.12,20907.48,19174.68,202.35,1.105,0.036,1.667,68.18,0.047,0.132,19.293,63.55,1.186,26.197,0.076,0.456,0.000,0.004
712,9,(WT) APP/PS1,Cortex,40A,0.057,0.007,0.830,6112.49,741.23,0.62,20651.55,18907.39,200.70,1.055,0.024,1.394,61.55,0.045,0.026,16.152,62.22,1.140,26.006,0.075,0.389,0.000,0.001
719,9,(WT) APP/PS1,Cortex,41A,0.095,0.008,0.668,5880.87,727.43,1.13,18752.56,18434.98,205.58,1.000,0.025,1.330,66.52,0.044,0.049,14.311,62.34,1.019,25.539,0.072,0.386,0.000,0.001
634,9,(WT) APP/PS1,Cortex,42A,0.075,0.008,0.694,5949.73,731.68,0.75,19484.74,18881.03,278.41,1.044,0.013,1.258,67.10,0.054,0.039,14.081,63.56,1.202,23.911,0.075,0.434,0.000,0.000
636,9,(WT) APP/PS1,Cortex,43A,0.368,0.024,0.824,6947.35,776.72,3.63,16887.35,20246.39,272.34,1.138,0.921,2.044,79.20,0.052,0.176,23.232,85.66,0.774,30.788,0.088,0.249,0.000,0.005
675,9,(WT) APP/PS1,Cortex,44A,0.092,0.012,0.700,5926.51,721.97,1.03,18913.78,18395.95,204.60,1.024,0.026,1.285,63.05,0.044,0.053,14.728,60.78,1.104,25.543,0.058,0.432,0.000,0.001
633,9,APP/PS1,Cortex,45A,0.063,-0.012,0.651,6411.10,738.34,0.36,20555.71,18295.17,228.71,1.044,0.014,1.788,61.78,0.060,0.032,18.913,64.54,1.255,28.126,0.072,0.435,0.000,0.001
635,9,APP/PS1,Cortex,46A,0.069,0.024,0.782,5917.55,712.39,3.27,19674.62,18192.40,244.75,1.026,0.198,1.728,62.10,0.051,0.166,18.524,62.63,1.108,24.513,0.076,0.414,0.000,0.001
676,9,APP/PS1,Cortex,47A,0.066,0.005,0.641,5766.43,715.88,0.38,19761.51,18095.44,176.41,1.017,0.016,1.407,60.88,0.049,0.040,16.187,59.02,1.199,23.132,0.059,0.363,0.000,0.001
705,9,APP/PS1,Cortex,48A,0.085,-0.012,0.691,5942.96,727.21,4.20,19307.74,18550.37,223.33,1.037,0.427,1.510,66.26,0.050,0.121,14.805,61.32,1.083,22.423,0.076,0.377,0.000,0.001
707,9,APP/PS1,Cortex,49A,0.064,-0.002,0.702,6268.19,770.05,0.31,21150.46,19574.36,183.55,1.111,0.054,1.526,62.84,0.051,0.129,15.324,66.43,1.261,24.618,0.065,0.428,0.000,0.001
713,9,APP/PS1,Cortex,50A,0.104,-0.012,0.632,5923.75,692.88,11.85,17528.57,17667.20,190.03,0.993,0.038,1.619,60.03,0.047,0.056,16.368,58.97,0.901,24.685,0.077,0.365,0.000,0.002
718,9,APP/PS1,Cortex,51A,0.067,-0.006,0.616,6198.57,736.82,0.58,19972.65,18218.97,251.19,1.031,0.039,1.674,60.13,0.049,0.264,18.952,63.16,1.169,24.718,0.089,0.390,0.000,0.001
226,5,NFL,Hippocampus,01B,0.438,0.167,2.422,5352.48,749.38,3.64,15003.35,20446.45,230.73,4.645,0.457,2.132,67.63,0.075,0.193,20.462,94.42,1.059,22.512,0.083,32.562,0.010,0.014
227,5,NFL,Hippocampus,02B,0.391,0.100,1.758,4486.49,626.70,5.07,12323.29,16850.30,259.28,2.333,0.238,2.004,52.05,0.050,0.204,17.402,85.42,0.971,19.774,0.113,8.168,0.004,0.005
228,5,NFL,Hippocampus,03B,0.543,0.109,1.902,5039.45,765.37,12.75,14984.97,20821.16,324.64,2.105,0.422,2.359,65.55,0.060,0.248,20.883,110.82,0.976,23.556,0.129,4.998,0.002,0.006
229,5,NFL,Hippocampus,04B,0.470,0.170,1.811,5246.19,663.68,14.17,13325.42,17788.53,258.29,1.503,1.096,2.031,56.45,0.058,0.235,19.231,95.51,0.956,21.971,0.113,2.579,0.001,0.006
230,5,NFL,Hippocampus,05B,0.643,0.191,2.100,5548.60,784.18,3.20,15385.14,21719.97,251.73,1.597,0.171,2.322,74.04,0.043,0.260,22.486,99.55,1.024,26.936,0.100,2.065,0.005,0.005
232,5,NFL,Hippocampus,06B,0.290,0.080,2.037,5557.06,797.29,5.61,15512.74,20467.94,462.14,1.532,0.226,2.430,72.08,0.048,0.160,21.545,93.95,0.966,22.881,0.217,1.053,0.001,0.003
233,5,NFL,Hippocampus,07B,0.600,0.126,3.601,6064.22,824.45,15.21,15398.22,21469.16,1440.82,2.545,0.978,3.460,105.72,0.082,0.565,21.389,119.63,1.054,25.898,0.971,1.225,-0.001,0.019
234,5,NFL,Hippocampus,08B,0.348,0.026,1.822,5158.27,757.73,29.75,15144.57,19795.98,1611.13,2.087,0.607,2.534,70.74,0.046,0.284,28.248,109.86,0.850,26.890,1.346,0.642,0.001,0.004
238,5,NFL,Hippocampus,09B,1.000,,,,,,,,,,,,,,,,,,,,,,
237,5,NFL,Hippocampus,10B,0.312,0.064,2.441,6588.18,936.00,128.25,18156.99,23633.53,327.35,1.521,0.202,2.814,89.39,0.063,3.965,27.330,112.36,1.197,29.382,0.180,0.589,0.001,0.006
236,5,NFL,Hippocampus,11B,0.362,0.132,1.877,5030.89,683.28,8.36,14022.58,18232.31,398.17,1.412,0.964,2.472,71.72,0.042,1.036,19.471,94.64,0.835,22.120,0.185,0.247,-0.001,0.008
235,5,NFL,Hippocampus,12B,0.288,0.029,1.458,5121.46,676.40,9.95,13890.31,17879.49,564.12,1.409,0.637,2.371,70.95,0.050,0.422,22.032,85.70,0.816,22.354,0.235,0.255,0.000,0.004
162379,22,NFL,Hippocampus,13B,0.318,0.073,1.314,5123.71,721.84,20.70,14379.47,18431.14,1300.36,1.455,2.508,2.422,103.87,0.060,0.725,30.621,108.96,0.774,22.899,0.356,0.457,-0.001,0.006
162380,22,NFL,Hippocampus,14B,0.618,0.283,15.517,6347.61,806.19,32.80,14115.45,18322.97,977.36,2.212,1.511,5.548,187.54,0.087,0.858,34.568,116.06,0.841,19.170,2.194,0.267,-0.001,0.019
162381,22,NFL,Hippocampus,15B,0.325,0.103,1.595,5016.55,659.01,4.81,13729.60,17244.53,263.11,1.318,0.043,1.857,85.16,0.056,0.282,26.652,96.85,0.937,17.293,0.121,0.264,0.001,0.000
162382,22,NFL,Hippocampus,16B,0.441,0.147,1.610,5236.72,724.98,8.12,14312.86,19450.40,335.09,1.808,1.217,2.155,139.45,0.066,0.351,22.490,97.76,0.821,15.779,0.201,0.324,-0.001,0.010
13,22,NFL,Hippocampus,17B,0.387,-0.024,1.162,5398.41,723.13,4.84,14937.81,19223.68,395.79,0.889,1.035,1.795,90.10,0.057,0.365,27.157,89.44,0.902,24.417,0.184,0.261,0.000,0.005
14,22,NFL,Hippocampus,18B,0.366,0.143,0.825,5005.36,668.90,15.91,13512.95,18201.31,290.46,0.856,0.045,1.699,76.51,0.048,0.254,19.095,80.62,1.005,18.987,0.085,0.296,0.000,0.004
15,22,NFL,Hippocampus,19B,0.321,0.064,1.263,4903.31,702.89,3.85,14774.24,18414.59,675.77,3.521,119.070,3.344,94.57,0.086,0.434,29.239,98.21,0.855,21.418,0.175,0.279,-0.001,0.007
161464,22,(WT),Hippocampus,20B,0.165,-0.009,1.031,4971.37,702.62,1.01,14665.02,16491.64,327.20,0.921,0.160,1.901,71.57,0.058,0.127,27.449,78.80,0.985,19.651,0.117,0.437,0.000,0.003
161466,22,(WT),Hippocampus,21B,0.123,0.014,1.041,5498.77,815.83,2.65,19231.53,19947.85,221.11,1.139,0.467,1.791,81.92,0.062,0.106,35.109,84.70,1.194,21.220,0.086,0.557,0.000,0.001
161468,22,(WT),Hippocampus,22B,0.207,0.014,1.265,5707.67,874.01,2.62,17498.61,21093.66,323.35,1.323,0.910,1.860,97.39,0.060,0.180,31.183,91.15,1.096,21.689,0.242,0.498,0.000,0.002
161469,22,(WT),Hippocampus,23B,0.279,0.021,1.718,6078.43,859.99,2.87,16453.16,19767.11,430.83,1.229,1.195,1.949,102.33,0.059,0.222,24.257,99.52,0.999,24.348,0.199,0.287,-0.001,0.002
161470,22,(WT),Hippocampus,24B,0.155,0.014,1.394,5296.03,796.13,2.76,17962.99,19234.01,358.59,1.289,5.125,1.549,92.29,0.057,0.181,17.616,84.73,1.032,19.837,0.118,0.385,0.000,0.006
169,9,(WT),Hippocampus,25B,0.310,0.035,0.994,5215.09,673.31,2.00,13626.80,18588.84,231.88,0.776,0.046,1.611,71.69,0.065,0.215,19.323,86.55,0.795,22.715,0.106,0.387,-0.001,0.004
170,22,(WT),Hippocampus,26B,0.108,0.017,0.626,5223.55,676.95,0.72,16182.21,16285.60,177.14,0.868,0.053,1.712,75.77,0.051,0.064,43.208,65.32,0.965,26.961,0.071,0.446,0.000,0.002
171,22,(WT),Hippocampus,27B,0.227,0.075,0.714,4922.22,697.66,2.69,13867.19,16969.18,188.94,0.769,0.122,1.417,78.66,0.051,0.130,14.691,62.69,0.712,25.200,0.080,0.367,-0.001,0.002
172,22,(WT),Hippocampus,28B,0.333,0.102,0.934,5176.26,650.63,2.52,13119.53,17263.56,200.20,0.657,0.057,1.434,75.49,0.050,0.284,17.276,85.37,0.781,23.870,0.096,0.169,0.000,0.001
3119,5,(WT),Hippocampus,29B,0.294,-0.010,0.825,5207.88,777.81,6.84,15384.71,19761.53,454.54,1.037,0.159,1.959,70.13,0.044,1.337,18.505,93.16,1.144,28.962,0.183,0.046,-0.001,0.007
3120,5,(WT),Hippocampus,30B,0.438,-0.018,0.915,5141.84,733.18,12.01,14150.44,19086.69,261.69,0.826,0.315,1.989,68.91,0.044,3.242,17.609,134.46,0.929,29.057,0.133,-0.149,-0.001,0.008
3121,5,(WT),Hippocampus,31B,0.270,0.050,0.959,6713.03,951.71,6.98,18838.75,23535.94,330.08,1.162,0.062,2.350,82.34,0.050,0.283,23.008,109.30,1.337,35.377,0.146,0.193,-0.001,0.004
3139,5,(WT),Hippocampus,32B,0.474,-0.033,0.877,5063.37,773.29,20.52,14275.74,17512.35,646.56,1.073,0.495,2.103,77.53,0.056,6.172,26.092,413.29,0.651,22.723,0.405,-0.060,-0.002,0.027
3181,5,(WT),Hippocampus,33B,0.203,0.037,0.703,5426.98,797.76,5.80,15893.70,19856.68,210.88,0.954,0.103,2.091,70.68,0.042,0.440,17.931,103.78,1.041,25.199,0.098,0.382,0.000,0.003
3183,5,(WT),Hippocampus,34B,1.000,,,,,,,,,,,,,,,,,,,,,,
3184,5,(WT),Hippocampus,35B,0.460,0.068,1.021,5010.56,728.69,11.84,14449.80,19230.78,239.99,0.900,0.073,1.770,67.33,0.041,0.316,15.976,102.26,0.764,27.217,0.112,-0.113,0.000,0.004
3185,5,(WT),Hippocampus,36B,0.423,0.044,1.450,4565.26,639.27,4.18,14200.11,16668.85,313.03,1.051,0.224,2.767,71.17,0.044,0.478,14.873,151.90,0.786,23.429,0.167,-0.163,0.000,0.006
704,9,(WT) APP/PS1 ,Hippocampus,37B,0.358,0.002,0.599,4159.63,557.59,4.12,10944.93,14814.76,470.05,0.609,0.246,1.338,60.11,0.066,0.215,14.860,81.98,0.744,18.780,0.205,-0.069,0.000,0.004
706,9,(WT) APP/PS1 ,Hippocampus,38B,0.315,-0.032,1.122,4919.39,666.94,2.79,13647.98,17987.20,200.25,0.789,0.651,1.396,69.04,0.050,0.202,19.382,109.83,0.644,25.353,0.081,0.022,0.000,0.002
711,9,(WT) APP/PS1,Hippocampus,39B,0.356,0.188,1.016,5523.03,719.34,4.39,14333.58,18722.15,367.59,0.844,0.497,1.952,74.50,0.054,0.252,21.855,113.63,0.711,26.296,0.211,0.064,-0.001,0.006
712,9,(WT) APP/PS1,Hippocampus,40B,0.391,-0.041,0.802,5100.41,685.45,2.31,13892.03,17834.81,758.99,0.676,0.234,1.511,62.80,0.042,0.424,21.192,82.08,0.801,23.459,0.381,-0.022,-0.001,0.003
719,9,(WT) APP/PS1,Hippocampus,41B,0.301,0.091,0.798,5398.69,730.16,2.95,15017.29,19252.31,236.07,0.749,0.003,1.416,72.70,0.048,0.150,21.546,86.39,0.942,28.599,0.095,0.055,-0.001,0.001
634,9,(WT) APP/PS1,Hippocampus,42B,0.389,0.039,0.880,5092.17,723.71,4.00,14518.91,19678.57,284.71,0.843,0.201,1.367,74.26,0.056,1.745,17.922,101.73,0.932,26.005,0.099,-0.051,-0.001,0.002
636,9,(WT) APP/PS1,Hippocampus,43B,0.358,0.134,0.982,5394.30,717.77,7.18,14434.67,18532.11,388.01,0.718,0.317,1.897,73.72,0.066,0.223,24.897,95.13,0.732,28.793,0.153,-0.004,-0.001,0.005
675,9,(WT) APP/PS1,Hippocampus,44B,0.348,0.042,1.020,5489.75,767.87,1.99,16009.02,20479.23,282.36,0.864,0.257,1.589,73.00,0.046,0.500,19.257,89.25,0.934,29.266,0.107,0.072,-0.001,0.002
633,9,APP/PS1,Hippocampus,45B,0.348,0.064,0.540,4985.86,604.55,4.14,13267.95,16243.66,456.53,0.787,0.063,1.953,63.24,0.047,0.170,25.890,64.07,0.800,23.576,0.137,-0.060,-0.001,0.003
635,9,APP/PS1,Hippocampus,46B,0.194,0.013,0.609,4999.48,722.92,2.20,14284.62,17972.63,221.06,0.804,0.079,1.879,64.07,0.051,0.248,20.828,73.63,0.931,24.862,0.079,0.232,0.000,0.002
676,9,APP/PS1,Hippocampus,47B,0.301,0.094,0.726,5017.59,670.03,3.56,13933.43,18049.24,198.40,0.862,0.391,1.549,60.87,0.048,0.183,27.051,81.48,0.820,24.803,0.079,0.014,0.000,0.002
705,9,APP/PS1,Hippocampus,48B,0.174,0.067,0.718,4896.71,748.12,1.47,15105.91,18643.45,329.25,0.872,0.604,1.546,69.39,0.049,0.312,16.772,79.88,0.881,23.170,0.133,0.222,0.000,0.001
707,9,APP/PS1,Hippocampus,49B,0.269,0.086,0.610,4655.26,672.73,1.17,13910.02,18090.80,174.59,0.707,0.102,1.425,64.77,0.042,0.450,16.550,75.74,0.747,23.015,0.072,0.073,0.000,0.002
713,9,APP/PS1,Hippocampus,50B,0.387,0.123,0.760,5449.38,723.09,2.37,14320.90,19059.87,215.05,0.804,0.124,2.008,70.77,0.055,5.554,23.245,83.52,0.808,27.851,0.097,-0.010,-0.001,0.001
718,9,APP/PS1,Hippocampus,51B,0.578,0.054,0.985,5681.74,753.38,4.16,14481.24,20459.82,217.81,0.703,0.207,2.121,71.38,0.049,0.274,24.074,88.96,0.760,28.634,0.083,-0.192,0.000,0.003
226,5,NFL,Cerebellum,01C,0.141,0.008,0.816,5274.49,721.25,1.24,18713.88,17692.42,773.19,1.984,0.171,2.218,71.96,0.039,0.228,22.693,64.61,1.108,15.953,0.367,8.949,0.003,0.005
227,5,NFL,Cerebellum,02C,0.219,0.004,0.923,5619.64,779.39,3.20,17615.74,18979.95,263.84,1.606,0.058,2.428,81.77,0.043,0.140,23.026,61.25,1.255,17.713,0.081,4.122,0.003,0.002
228,5,NFL,Cerebellum,03C,0.161,-0.002,0.956,5383.56,857.43,2.02,23136.26,17764.26,7493.03,1.591,0.081,2.300,80.30,0.042,0.097,26.431,66.35,1.135,16.012,2.596,1.577,0.001,0.002
229,5,NFL,Cerebellum,04C,0.173,-0.009,0.854,5053.93,753.23,4.49,17887.53,18911.96,199.83,1.217,0.127,2.280,74.17,0.054,0.099,24.129,63.89,1.138,17.902,0.063,1.125,0.001,0.002
230,5,NFL,Cerebellum,05C,0.176,0.024,0.889,4982.89,729.53,1.57,16280.90,18222.91,183.35,1.132,0.047,2.171,74.08,0.040,0.098,21.866,61.05,1.031,17.381,0.057,0.826,0.001,0.003
232,5,NFL,Cerebellum,06C,0.154,-0.041,1.169,5177.99,774.26,1.50,20031.12,19129.80,360.18,1.278,0.083,2.296,78.07,0.041,0.111,24.351,61.58,1.278,17.225,0.142,0.704,0.001,0.003
233,5,NFL,Cerebellum,07C,0.313,-0.070,1.195,4969.65,668.58,2.28,16150.66,18352.77,212.98,1.274,0.226,2.195,72.66,0.040,0.288,21.524,59.80,1.054,16.311,0.159,0.703,0.001,0.005
234,5,NFL,Cerebellum,08C,0.299,-0.002,1.573,4674.00,691.65,10.47,16434.28,19043.30,330.73,1.414,0.221,3.040,73.33,0.048,0.162,21.843,63.73,0.999,19.359,0.343,0.584,0.001,0.005
238,5,NFL,Cerebellum,09C,0.149,0.327,0.709,4869.94,724.08,0.86,18485.28,17918.39,200.84,1.009,0.288,2.277,70.80,0.037,0.088,24.095,59.04,1.112,18.453,0.062,0.463,0.001,0.003
237,5,NFL,Cerebellum,10C,0.115,0.025,0.797,4990.18,771.36,5.65,20261.06,18880.05,205.95,1.211,0.188,2.928,77.16,0.041,0.545,28.966,60.47,1.287,17.794,0.060,0.490,0.001,0.002
236,5,NFL,Cerebellum,11C,0.292,-0.029,1.175,5274.94,684.20,31.28,16266.06,18810.29,428.87,1.561,0.326,2.932,89.81,0.042,0.347,23.289,68.48,1.020,17.291,0.217,0.405,0.001,0.005
235,5,NFL,Cerebellum,12C,0.118,-0.012,0.835,4718.63,724.02,2.77,18993.56,17734.48,372.61,1.191,0.183,3.441,72.66,0.042,0.088,27.712,62.65,1.180,17.006,0.106,0.406,0.001,0.001
162379,22,NFL,Cerebellum,13C,0.245,0.024,1.015,5047.21,737.22,10.09,16473.57,17621.22,620.99,1.377,0.083,2.236,130.86,0.063,0.214,37.232,76.42,0.991,16.194,0.185,0.609,0.001,0.004
162380,22,NFL,Cerebellum,14C,0.215,-0.017,1.096,5304.68,765.19,1.88,17482.24,18635.73,239.71,1.412,0.060,1.885,140.15,0.068,0.115,25.243,64.68,1.130,13.628,0.114,0.624,0.001,0.003
162381,22,NFL,Cerebellum,15C,0.200,0.057,0.868,4714.09,710.73,15.03,15483.54,16844.48,444.15,1.679,1.239,2.771,149.15,0.071,0.237,27.969,66.71,1.138,12.053,0.397,0.590,0.000,0.017
162382,22,NFL,Cerebellum,16C,0.323,-0.057,3.135,4979.08,636.42,4.07,15438.09,17175.67,282.36,1.234,0.143,1.903,138.99,0.066,0.195,25.050,73.20,0.949,10.343,0.196,0.477,0.001,0.004
13,22,NFL,Cerebellum,17C,0.177,-0.010,0.744,5169.59,709.72,4.80,16475.02,16928.86,342.93,1.038,0.264,1.763,132.54,0.074,0.087,27.223,89.36,1.051,16.255,0.197,0.546,0.000,0.002
14,22,NFL,Cerebellum,18C,0.165,-0.009,0.689,5000.89,674.31,0.90,15684.03,15841.34,197.14,0.967,0.025,1.696,106.43,0.059,0.081,28.149,53.30,1.115,14.175,0.057,0.486,0.000,0.002
15,22,NFL,Cerebellum,19C,0.141,-0.009,0.608,4858.61,666.31,8.71,17054.99,16549.72,281.83,0.906,0.128,1.386,115.05,0.060,0.193,25.951,58.52,1.037,14.074,0.069,0.518,0.000,0.002
161464,22,(WT),Cerebellum,20C,0.225,0.191,0.586,5023.23,702.20,1.32,15572.11,16221.09,283.38,0.965,0.047,1.984,81.18,0.064,0.131,33.976,58.49,0.859,15.526,0.097,0.553,0.000,0.003
161466,22,(WT),Cerebellum,21C,0.217,-0.037,0.831,4877.01,695.21,0.89,15868.22,16319.29,604.25,0.993,0.184,1.585,91.73,0.063,0.141,28.004,55.69,0.913,14.486,0.237,0.424,0.000,0.003
161468,22,(WT),Cerebellum,22C,0.108,-0.022,0.722,4579.78,707.33,0.62,19155.59,17066.03,172.55,1.062,0.075,1.577,92.91,0.064,0.069,37.571,54.76,1.147,13.820,0.061,0.504,0.000,0.002
161469,22,(WT),Cerebellum,23C,0.140,0.020,0.814,4653.30,684.63,2.32,17983.51,16191.15,296.01,1.151,0.138,1.654,93.40,0.060,0.072,32.559,54.26,0.976,15.298,0.113,0.459,0.000,0.002
161470,22,(WT),Cerebellum,24C,0.178,0.012,1.168,5249.40,779.36,2.41,18125.80,18430.24,281.73,1.121,0.411,1.698,108.24,0.073,0.245,29.492,66.14,1.125,14.934,0.089,0.509,0.001,0.002
169,9,(WT),Cerebellum,25C,0.094,0.021,0.660,4663.27,677.78,0.85,18756.07,15856.96,186.84,0.940,0.027,1.673,74.23,0.070,0.056,36.453,54.21,1.140,17.239,0.083,0.474,0.000,0.001
170,22,(WT),Cerebellum,26C,0.113,-0.013,0.526,4724.05,679.58,1.49,18398.50,16199.97,176.37,0.931,0.029,1.958,81.88,0.064,0.054,46.796,55.66,1.069,21.635,0.075,0.595,0.000,0.002
171,22,(WT),Cerebellum,27C,0.137,0.006,0.532,5195.60,686.51,3.64,18196.66,16051.14,250.87,0.988,0.019,1.931,82.47,0.070,0.069,40.874,54.91,1.003,20.935,0.104,0.578,0.001,0.002
172,22,(WT),Cerebellum,28C,0.260,-0.023,0.686,4646.01,602.09,1.60,14930.01,15984.41,181.68,0.865,0.012,1.627,88.05,0.059,0.213,28.895,53.47,0.826,17.483,0.079,0.341,0.000,0.004
3119,5,(WT),Cerebellum,29C,0.397,-0.059,0.505,5206.69,750.78,11.44,17077.70,20071.47,560.99,1.224,0.180,2.324,77.37,0.046,0.383,23.032,68.36,1.083,22.384,0.212,0.128,0.001,0.010
3120,5,(WT),Cerebellum,30C,0.400,0.126,0.819,5697.47,801.76,10.19,18105.30,20830.19,209.36,1.306,0.137,2.552,83.86,0.054,1.053,24.306,76.00,1.034,23.584,0.083,0.172,0.001,0.005
3121,5,(WT),Cerebellum,31C,0.157,-0.009,0.688,5962.68,907.55,3.45,22673.99,21256.25,211.64,1.381,0.034,2.589,88.11,0.048,0.129,31.003,68.56,1.317,25.211,0.074,0.366,0.000,0.003
3139,5,(WT),Cerebellum,32C,0.308,-0.058,0.662,5451.81,791.11,9.39,17020.08,19337.38,281.98,1.131,0.104,2.529,75.52,0.048,0.182,30.539,157.72,1.043,20.163,0.152,0.272,0.000,0.009
3181,5,(WT),Cerebellum,33C,0.218,-0.029,0.631,4959.20,761.20,6.39,16533.88,18170.11,181.17,1.080,0.122,2.197,72.18,0.041,0.151,23.249,73.35,1.013,18.322,0.078,0.258,0.001,0.004
3183,5,(WT),Cerebellum,34C,0.155,-0.024,0.489,5149.25,761.33,3.50,18304.81,17944.12,174.35,1.045,0.044,2.363,71.01,0.038,0.112,34.280,64.04,1.053,17.972,0.083,0.404,0.000,0.002
3184,5,(WT),Cerebellum,35C,0.190,0.028,0.685,4698.70,766.61,6.98,16697.01,18621.50,235.26,1.155,0.109,2.306,77.14,0.043,0.139,22.850,126.40,1.050,19.843,0.126,0.288,0.001,0.006
3185,5,(WT),Cerebellum,36C,0.256,-0.002,1.109,5016.88,761.81,3.42,16531.53,18312.08,224.98,0.932,0.012,2.177,73.56,0.044,0.113,25.326,61.81,1.074,21.213,0.117,0.215,0.001,0.003
704,9,(WT) APP/PS1 ,Cerebellum,37C,0.209,-0.011,0.559,5034.19,756.00,1.76,16997.80,18597.15,270.78,0.958,0.126,1.836,88.05,0.057,0.113,29.674,62.00,0.946,17.553,0.116,0.330,0.000,0.002
706,9,(WT) APP/PS1 ,Cerebellum,38C,0.210,0.002,0.599,4892.38,697.40,0.94,15366.96,17100.04,159.06,0.920,0.203,1.537,79.82,0.049,0.139,31.341,54.81,0.887,18.830,0.054,0.287,0.000,0.003
711,9,(WT) APP/PS1,Cerebellum,39C,0.195,-0.011,0.613,4714.28,710.37,1.84,15831.36,17172.83,240.76,0.938,0.255,2.052,77.45,0.046,0.187,30.798,56.25,0.934,18.602,0.104,0.391,0.001,0.004
712,9,(WT) APP/PS1,Cerebellum,40C,0.237,-0.037,0.695,4510.12,724.60,4.55,15887.70,18143.79,291.95,1.007,0.160,1.701,82.60,0.047,0.239,24.408,63.35,0.936,17.785,0.133,0.281,0.000,0.006
719,9,(WT) APP/PS1,Cerebellum,41C,0.208,-0.027,0.752,4571.78,702.26,0.78,15663.98,17254.54,157.96,0.947,0.063,1.529,77.94,0.049,0.784,26.709,56.14,0.969,19.281,0.059,0.291,0.001,0.003
634,9,(WT) APP/PS1,Cerebellum,42C,0.191,-0.045,0.641,4622.11,704.19,2.83,15843.25,17449.32,172.84,0.937,0.081,1.432,78.08,0.047,0.085,23.703,56.10,0.978,18.202,0.054,0.319,0.000,0.002
636,9,(WT) APP/PS1,Cerebellum,43C,0.266,-0.031,1.338,4852.30,749.16,5.87,16492.16,18258.34,181.04,1.055,0.106,2.134,83.12,0.049,0.355,31.481,61.14,1.002,21.442,0.074,0.351,0.001,0.007
675,9,(WT) APP/PS1,Cerebellum,44C,0.172,0.008,0.500,4619.89,728.59,0.91,16590.59,17916.07,173.63,0.901,0.064,1.579,80.07,0.048,0.077,27.609,57.21,1.049,19.607,0.052,0.437,0.000,0.002
633,9,APP/PS1,Cerebellum,45C,0.207,-0.022,0.612,4919.21,728.53,5.20,16110.66,17369.27,327.39,0.996,0.029,2.094,69.93,0.058,0.097,31.205,62.15,0.956,20.074,0.094,0.403,0.000,0.003
635,9,APP/PS1,Cerebellum,46C,0.124,-0.009,0.625,4695.66,703.89,0.86,18579.57,17284.42,175.86,0.971,0.188,2.048,68.03,0.050,0.083,39.073,56.54,0.973,19.906,0.063,0.459,0.000,0.001
676,9,APP/PS1,Cerebellum,47C,0.136,0.016,0.626,4646.10,709.14,0.66,18877.29,17726.54,154.19,1.017,0.145,1.858,94.71,0.050,0.070,29.025,55.09,1.115,18.529,0.056,0.357,0.000,0.002
705,9,APP/PS1,Cerebellum,48C,0.173,-0.003,0.494,4779.98,716.23,4.53,16201.35,17393.21,192.84,0.963,1.618,1.782,82.03,0.051,0.096,26.448,55.45,0.894,17.224,0.062,0.324,0.001,0.003
707,9,APP/PS1,Cerebellum,49C,0.213,0.011,0.635,4913.44,711.69,1.50,16012.63,17308.85,161.69,1.008,0.142,1.597,77.24,0.046,0.097,24.817,53.24,0.930,17.505,0.065,0.272,0.000,0.002
713,9,APP/PS1,Cerebellum,50C,0.155,-0.002,0.517,4876.47,727.87,1.75,17818.44,17283.31,217.70,0.975,0.153,2.146,74.17,0.049,0.095,30.107,56.50,0.982,19.834,0.115,0.438,0.001,0.001
718,9,APP/PS1,Cerebellum,51C,0.183,-0.007,0.654,4896.98,725.54,1.77,16268.89,17332.67,177.12,0.932,0.303,2.023,72.96,0.047,0.087,31.977,59.48,0.938,19.665,0.073,0.402,0.001,0.002
226,5,NFL,Olfactory bulb,01D,0.197,0.047,1.071,5482.26,659.00,1.48,18450.52,10648.46,8787.35,1.366,0.144,1.959,46.43,0.032,0.086,14.556,42.79,0.738,13.364,3.511,1.022,0.001,0.001
227,5,NFL,Olfactory bulb,02D,0.124,0.079,1.177,5251.28,579.90,0.92,15901.49,13086.10,681.88,1.115,0.185,2.098,52.80,0.038,0.291,17.670,43.87,1.057,15.466,0.278,0.595,0.000,0.002
228,5,NFL,Olfactory bulb,03D,0.105,0.015,0.878,4866.56,571.64,1.29,16833.30,11154.85,3325.42,1.039,0.063,1.933,48.37,0.037,0.048,14.075,40.03,0.914,13.463,1.506,0.399,0.000,0.000
229,5,NFL,Olfactory bulb,04D,0.144,0.019,1.108,5007.08,560.41,1.51,15426.82,12691.49,201.00,0.995,1.929,2.103,50.32,0.037,0.694,15.392,43.30,0.978,16.260,0.070,0.432,0.000,0.002
230,5,NFL,Olfactory bulb,05D,0.129,0.070,0.911,4813.45,561.59,1.60,14715.90,12166.33,225.28,0.955,0.076,1.958,53.05,0.035,0.124,14.495,40.72,0.912,16.541,0.083,0.317,0.000,0.002
232,5,NFL,Olfactory bulb,06D,0.156,0.003,1.065,4878.02,536.72,1.86,14658.42,11621.48,612.56,0.995,0.126,1.982,52.16,0.030,0.136,15.113,39.70,0.811,14.041,0.260,0.308,0.000,0.001
233,5,NFL,Olfactory bulb,07D,0.257,0.043,1.668,5134.34,524.98,1.93,13443.45,11380.18,269.57,1.025,0.221,1.907,54.28,0.034,0.292,15.896,43.71,0.780,14.190,0.110,0.325,0.001,0.003
234,5,NFL,Olfactory bulb,08D,0.304,0.103,1.451,4646.71,512.75,4.93,13009.80,11319.71,269.05,1.104,0.610,5.986,53.52,0.447,838.616,320.406,165.32,0.734,15.982,0.091,0.192,0.001,0.007
238,5,NFL,Olfactory bulb,09D,0.251,0.037,1.559,5101.02,516.55,2.78,13447.77,11030.22,254.09,1.150,0.200,2.322,57.03,0.031,1.430,15.144,40.22,0.746,15.644,0.094,0.196,0.000,0.003
237,5,NFL,Olfactory bulb,10D,0.159,0.078,1.230,5330.72,670.24,1.37,19500.24,10819.88,8327.31,1.432,0.231,2.402,50.33,0.031,0.181,17.028,48.23,0.744,14.603,3.105,0.244,0.000,0.001
236,5,NFL,Olfactory bulb,11D,0.246,0.095,1.564,5817.78,540.09,6.64,15222.42,10554.14,364.33,1.270,16.575,2.695,55.08,0.035,0.457,14.505,44.01,0.693,13.730,0.185,0.193,0.000,0.020
235,5,NFL,Olfactory bulb,12D,0.720,0.215,3.012,7203.39,581.81,8.44,15270.06,11288.20,1190.73,2.076,0.923,2.675,63.42,0.042,2.110,19.457,73.52,0.787,15.514,0.360,0.027,0.001,0.004
162379,22,NFL,Olfactory bulb,13D,0.067,0.031,0.718,4980.83,479.88,0.70,15685.10,9252.52,193.10,0.956,0.027,1.758,39.47,0.037,0.076,18.448,33.93,0.815,12.055,0.060,0.287,0.000,0.000
162380,22,NFL,Olfactory bulb,14D,0.096,0.042,0.752,4898.65,477.99,0.85,14674.10,8983.10,326.93,0.961,0.595,1.466,44.58,0.040,0.281,13.948,30.76,0.694,9.237,0.122,0.233,0.000,0.001
162381,22,NFL,Olfactory bulb,15D,0.090,0.013,0.809,4948.24,495.63,1.42,15441.31,9875.12,195.32,1.036,0.118,1.771,45.06,0.040,0.078,18.046,35.23,0.795,9.769,0.067,0.263,0.000,0.001
162382,22,NFL,Olfactory bulb,16D,0.094,0.024,0.902,4791.23,477.18,1.22,14813.94,9283.86,230.46,0.918,1.062,1.583,45.55,0.042,0.066,14.092,35.43,0.822,7.804,0.083,0.261,0.000,0.001
13,22,NFL,Olfactory bulb,17D,0.136,0.048,1.039,5218.25,544.81,1.32,15330.83,11251.76,253.85,0.982,0.246,1.653,59.93,0.056,0.078,21.201,41.79,0.931,14.752,0.085,0.301,0.000,0.001
14,22,NFL,Olfactory bulb,18D,0.087,0.039,0.854,4830.59,529.59,0.76,16018.35,11340.20,193.75,0.923,0.068,1.677,52.35,0.053,0.050,21.826,39.78,1.033,12.974,0.055,0.308,0.000,0.001
15,22,NFL,Olfactory bulb,19D,0.047,0.021,0.808,4853.85,646.09,0.21,18794.02,15692.49,546.04,1.092,0.111,1.252,73.28,0.046,0.024,24.766,63.54,1.372,19.961,0.156,0.467,0.000,0.000
161464,22,(WT),Olfactory bulb,20D,0.087,0.012,0.731,4685.81,477.25,1.02,15101.54,10281.48,234.32,0.914,0.064,1.561,39.66,0.039,0.074,11.341,33.21,0.717,14.114,0.100,0.226,0.000,0.001
161466,22,(WT),Olfactory bulb,21D,0.090,-0.001,0.951,4331.77,503.87,1.48,15437.99,11031.52,1102.24,0.959,0.646,1.345,48.59,0.044,0.092,11.304,33.39,0.738,13.876,0.429,0.197,0.000,0.001
161468,22,(WT),Olfactory bulb,22D,0.040,0.006,0.771,4287.57,521.76,0.53,17795.25,11937.98,160.71,1.048,0.056,1.289,43.78,0.043,0.032,14.674,33.24,1.005,13.733,0.057,0.231,0.000,0.000
161469,22,(WT),Olfactory bulb,23D,0.082,0.035,0.801,4977.22,525.24,0.76,16554.23,10985.40,1880.74,1.007,1.254,1.322,44.95,0.044,0.096,9.810,35.46,0.801,14.215,0.697,0.193,0.000,0.001
161470,22,(WT),Olfactory bulb,24D,0.052,0.035,0.969,4238.88,466.24,1.98,15560.32,10157.59,685.65,0.919,0.204,1.222,41.42,0.043,0.079,9.537,33.54,0.776,12.253,0.268,0.176,0.000,0.001
169,9,(WT),Olfactory bulb,25D,0.049,0.025,0.857,4408.17,525.29,0.65,17239.29,11867.07,155.88,0.994,0.024,1.445,42.46,0.054,0.026,15.730,32.08,1.014,17.597,0.068,0.244,0.000,0.000
170,22,(WT),Olfactory bulb,26D,0.047,0.073,0.737,4601.76,507.92,0.33,17142.40,11121.25,164.48,0.994,0.030,1.545,39.37,0.039,0.048,14.285,29.68,0.895,22.033,0.061,0.246,0.000,0.000
171,22,(WT),Olfactory bulb,27D,0.111,0.017,0.780,4698.68,491.78,0.63,14355.62,11015.01,257.87,0.913,0.024,1.555,43.72,0.047,0.047,16.178,31.68,0.739,19.662,0.119,0.223,0.000,0.000
172,22,(WT),Olfactory bulb,28D,0.127,0.055,0.790,4478.11,484.63,0.95,14260.52,10967.85,159.40,0.899,0.046,1.315,41.66,0.040,0.067,11.333,31.17,0.698,16.804,0.075,0.150,0.000,0.001
3119,5,(WT),Olfactory bulb,29D,0.098,0.037,0.745,4984.10,507.02,2.99,15272.51,11982.85,281.37,0.968,0.083,1.713,39.49,0.039,0.818,12.818,34.32,0.744,19.234,0.123,0.125,0.000,0.001
3120,5,(WT),Olfactory bulb,30D,0.142,0.015,0.897,5285.39,561.39,3.96,16740.82,12224.94,1726.01,1.132,0.082,1.898,44.74,0.029,2.185,12.330,44.75,0.777,19.693,0.687,0.097,0.000,0.002
3121,5,(WT),Olfactory bulb,31D,0.160,0.057,0.949,4812.16,536.63,4.37,14779.60,12654.45,154.89,1.003,0.030,1.855,45.54,0.031,0.111,12.085,35.12,0.756,20.867,0.061,0.104,0.000,0.001
3139,5,(WT),Olfactory bulb,32D,0.158,0.148,1.033,6115.00,648.41,4.70,18268.69,14945.24,293.86,1.193,0.125,2.264,57.73,0.039,2.336,23.651,57.21,0.928,22.139,0.139,0.215,0.000,0.002
3181,5,(WT),Olfactory bulb,33D,0.136,0.085,0.864,4810.28,558.66,4.76,15092.78,13117.44,188.21,1.035,0.095,1.968,48.72,0.035,0.220,14.749,71.99,0.885,18.276,0.103,0.148,0.000,0.004
3183,5,(WT),Olfactory bulb,34D,0.077,0.008,0.752,4724.01,527.92,2.90,15956.87,12410.44,170.33,1.008,0.089,2.023,40.58,0.026,0.830,13.574,45.74,0.819,19.189,0.093,0.189,0.000,0.002
3184,5,(WT),Olfactory bulb,35D,0.130,0.057,0.954,4770.55,536.38,3.78,15379.65,12673.10,174.73,1.054,0.177,1.893,43.72,0.031,0.573,19.318,41.83,0.758,19.240,0.085,0.118,0.000,0.002
3185,5,(WT),Olfactory bulb,36D,0.082,0.044,1.529,4956.49,514.88,0.99,15917.50,12070.14,197.02,0.961,0.314,1.783,42.32,0.031,0.208,11.915,35.97,0.868,20.683,0.093,0.144,0.000,0.001
704,9,(WT) APP/PS1 ,Olfactory bulb,37D,0.090,0.017,0.752,4771.24,524.17,15.71,16131.52,12467.71,213.10,1.026,0.077,1.401,42.91,0.034,0.130,10.982,30.46,0.781,16.429,0.099,0.153,0.000,0.001
706,9,(WT) APP/PS1 ,Olfactory bulb,38D,0.081,0.034,0.764,4793.59,500.77,1.97,15549.68,12015.66,325.18,0.967,0.192,1.239,40.61,0.029,0.047,11.699,31.23,0.768,19.195,0.129,0.153,0.000,0.000
711,9,(WT) APP/PS1,Olfactory bulb,39D,0.116,0.067,0.766,4550.57,494.42,1.56,14708.37,11817.62,226.54,0.970,0.291,1.588,38.93,0.028,0.079,12.286,30.39,0.657,18.367,0.125,0.155,0.000,0.000
712,9,(WT) APP/PS1,Olfactory bulb,40D,0.073,-0.016,0.735,4616.81,494.71,0.94,16016.24,11806.80,192.67,0.981,0.211,1.294,35.43,0.027,0.113,11.275,30.83,0.742,17.753,0.080,0.149,0.000,0.000
719,9,(WT) APP/PS1,Olfactory bulb,41D,0.059,0.055,0.734,4657.83,528.72,0.75,17110.55,12528.54,157.73,1.007,0.111,1.323,40.19,0.033,0.045,11.977,33.47,0.851,20.571,0.057,0.175,0.000,0.000
634,9,(WT) APP/PS1,Olfactory bulb,42D,0.087,0.067,0.720,4751.37,496.16,0.52,15279.01,11850.92,202.88,0.958,0.098,1.127,42.00,0.031,0.034,11.772,30.85,0.729,17.398,0.074,0.154,0.000,0.000
636,9,(WT) APP/PS1,Olfactory bulb,43D,0.071,0.011,0.789,5057.61,537.11,0.41,17194.42,12855.08,195.38,1.048,0.019,1.670,40.82,0.029,0.038,12.405,31.39,0.828,23.038,0.060,0.204,0.000,0.000
675,9,(WT) APP/PS1,Olfactory bulb,44D,0.115,0.054,0.936,4988.40,598.48,1.06,18193.50,13771.45,1225.97,1.121,0.021,1.405,46.19,0.034,0.059,12.975,34.51,0.833,20.995,0.435,0.222,0.000,0.000
633,9,APP/PS1,Olfactory bulb,45D,0.133,0.059,0.916,4841.00,540.28,1.25,15601.97,12781.29,316.22,1.069,0.032,1.732,40.67,0.034,0.107,12.924,36.43,0.754,20.821,0.101,0.173,0.000,0.001
635,9,APP/PS1,Olfactory bulb,46D,0.061,0.012,0.649,4754.80,514.50,0.28,16660.26,12220.17,158.98,1.006,0.017,1.655,34.61,0.031,0.031,11.531,29.23,0.864,20.529,0.058,0.196,0.000,0.000
676,9,APP/PS1,Olfactory bulb,47D,0.102,0.065,0.947,4641.60,511.47,0.71,15707.03,12216.36,170.32,1.038,0.054,1.390,43.07,0.033,0.216,10.553,29.74,0.782,17.517,0.065,0.128,0.000,0.001
705,9,APP/PS1,Olfactory bulb,48D,0.087,0.033,0.893,4784.64,556.75,0.70,16922.43,12624.33,1630.74,1.053,0.144,1.482,44.98,0.035,0.204,12.347,34.57,0.845,17.201,0.621,0.171,0.000,0.000
707,9,APP/PS1,Olfactory bulb,49D,0.066,0.027,0.744,4640.60,527.83,0.40,16545.53,12321.10,145.34,1.026,0.044,1.389,42.03,0.032,0.054,11.847,28.77,0.844,17.982,0.061,0.181,0.000,0.000
713,9,APP/PS1,Olfactory bulb,50D,0.066,0.029,0.910,4791.53,507.72,16.82,16329.74,12164.83,163.41,1.010,0.052,1.634,38.20,0.030,0.064,11.692,29.21,0.775,20.731,0.067,0.198,0.000,0.000
718,9,APP/PS1,Olfactory bulb,51D,0.116,0.080,0.785,5135.29,563.94,1.06,16537.80,13509.08,176.55,1.123,0.172,1.834,44.99,0.033,0.084,13.505,34.48,0.825,21.057,0.070,0.198,0.000,0.001
226,5,NFL,Brain stem,01E,0.474,0.000,2.683,6120.08,803.87,3.26,14899.53,18710.08,238.24,4.787,0.717,2.718,105.74,0.068,13.068,26.745,67.23,1.001,29.296,0.113,50.322,0.009,0.019
227,5,NFL,Brain stem,02E,0.548,-0.032,2.172,5697.16,764.23,10.03,14846.15,18642.15,539.86,2.842,0.312,2.569,104.28,0.053,3.247,24.301,69.26,0.773,29.569,0.237,14.998,0.008,0.021
228,5,NFL,Brain stem,03E,0.463,0.030,1.903,5770.91,805.64,8.47,15088.64,19218.21,238.94,1.841,0.311,2.584,105.90,0.056,9.107,25.670,71.61,0.893,29.264,0.100,6.269,0.006,0.009
229,5,NFL,Brain stem,04E,0.485,0.039,1.854,5838.35,826.46,8.34,15435.38,18719.70,1301.54,1.629,0.323,2.594,101.93,0.055,6.302,25.720,67.55,0.997,31.968,0.570,3.892,0.003,0.012
230,5,NFL,Brain stem,05E,0.368,0.071,1.629,5206.52,782.39,6.36,14807.06,17657.23,1432.09,1.215,0.522,2.576,94.23,0.055,5.587,24.027,65.27,0.957,30.104,0.701,1.894,0.002,0.006
232,5,NFL,Brain stem,06E,1.575,0.124,7.666,6351.55,830.11,43.26,14859.10,19199.35,1688.78,3.330,5.754,4.243,176.80,0.107,24.589,26.842,138.22,1.145,31.587,1.200,6.052,0.011,0.045
233,5,NFL,Brain stem,07E,1.167,-0.168,4.584,6924.86,963.89,8.10,17443.98,23044.52,554.25,2.168,0.577,3.709,177.06,0.087,10.196,29.710,81.77,1.101,35.562,0.265,2.803,0.010,0.020
234,5,NFL,Brain stem,08E,1.750,-0.139,5.686,7107.63,1701.82,26.25,44638.79,18182.87,48285.83,3.839,2.999,4.108,173.60,0.108,16.621,21.402,130.31,0.704,33.749,23.630,2.793,0.009,0.025
238,5,NFL,Brain stem,09E,0.534,0.016,2.361,5708.26,813.74,6.75,15361.58,19426.81,653.23,1.744,0.287,3.058,133.26,0.056,3.898,24.233,69.19,0.965,34.779,0.359,0.851,0.003,0.008
237,5,NFL,Brain stem,10E,0.829,-0.207,3.498,5694.64,910.79,16.23,16553.16,18652.99,4197.03,2.014,3.141,10.835,187.74,0.066,0.543,29.291,100.84,1.046,30.660,2.001,0.786,0.006,0.014
236,5,NFL,Brain stem,11E,0.558,-0.040,1.988,5750.27,782.14,21.37,14369.31,18597.90,679.53,1.900,2.906,3.736,202.25,0.165,0.505,25.831,73.27,1.092,30.993,0.304,2.154,0.002,0.007
235,5,NFL,Brain stem,12E,0.470,-0.055,1.961,5448.68,894.43,6.45,17165.22,18012.54,5133.81,1.758,0.235,3.162,117.62,0.056,1.470,28.089,78.13,0.940,30.974,2.079,0.432,0.001,0.006
162379,22,NFL,Brain stem,13E,1.260,2.063,2.268,5118.03,746.53,28.22,13694.81,18297.89,461.18,0.636,1.111,3.279,320.12,0.099,7.284,27.247,79.88,0.802,29.440,0.405,0.512,0.005,0.018
162380,22,NFL,Brain stem,14E,0.563,0.060,2.313,6127.50,766.36,12.41,14603.98,18234.16,662.05,1.200,0.118,2.235,194.69,0.067,0.375,26.180,72.52,0.984,24.160,0.280,0.463,0.001,0.004
162381,22,NFL,Brain stem,15E,0.724,0.021,2.438,5413.89,771.22,65.15,14740.22,18952.63,472.34,2.112,0.446,2.781,243.66,0.071,0.435,26.103,73.45,0.957,24.764,0.383,0.311,0.003,0.010
162382,22,NFL,Brain stem,16E,0.670,0.073,18.331,6129.81,1109.65,19.20,23732.52,18188.90,14960.75,1.490,0.374,3.296,282.19,0.086,0.433,64.915,92.43,0.851,20.430,6.153,0.354,0.001,0.016
13,22,NFL,Brain stem,17E,0.174,-0.007,1.240,4969.90,730.06,1.57,15749.81,17790.61,215.50,0.836,0.058,2.055,168.10,0.064,0.110,31.106,59.35,1.116,28.106,0.085,0.543,0.000,0.002
14,22,NFL,Brain stem,18E,0.685,-0.200,0.590,5077.50,686.83,7.31,13225.75,17134.48,497.64,0.444,0.237,1.611,172.20,0.071,5.515,21.104,71.44,0.883,25.488,0.272,0.107,0.001,0.009
15,22,NFL,Brain stem,19E,1.000,,,,,,,,,,,,,,,,,,,,,,
161464,22,(WT),Brain stem,20E,0.457,0.066,1.487,5550.97,792.31,3.89,14577.62,18081.44,326.73,0.922,0.523,2.507,178.42,0.079,0.187,24.085,81.87,0.876,24.821,0.153,0.412,0.002,0.003
161466,22,(WT),Brain stem,21E,0.417,-0.015,1.634,5750.52,897.87,3.83,17318.04,20060.26,2739.51,1.149,1.459,2.397,221.17,0.076,1.103,25.101,67.89,1.093,26.255,1.278,0.363,0.001,0.004
161468,22,(WT),Brain stem,22E,0.589,0.197,2.105,5261.53,778.25,11.60,15001.44,19303.58,494.93,1.018,0.223,2.090,217.73,0.070,1.538,20.130,65.30,0.772,23.934,0.463,0.250,0.002,0.009
161469,22,(WT),Brain stem,23E,0.558,-0.224,2.038,5360.60,759.73,15.04,14394.29,18468.19,552.17,1.037,2.833,2.247,198.70,0.063,0.305,16.001,82.44,0.768,25.925,0.283,0.057,0.002,0.012
161470,22,(WT),Brain stem,24E,0.195,-0.052,1.050,4781.45,720.76,17.21,14827.12,17198.56,343.63,0.914,3.131,2.096,179.75,0.074,0.417,22.727,61.81,0.982,20.682,0.155,0.597,0.000,0.007
169,9,(WT),Brain stem,25E,0.239,-0.015,1.030,5372.92,872.90,1.79,19422.80,18081.04,5181.83,0.969,0.206,2.067,165.59,0.070,0.108,22.809,64.13,0.956,29.679,2.773,0.617,0.000,0.003
170,22,(WT),Brain stem,26E,0.241,0.066,0.986,5283.70,780.56,2.26,15255.67,18777.12,228.49,0.786,1.113,2.275,165.80,0.065,0.105,29.966,61.29,0.860,38.342,0.119,0.458,0.000,0.002
171,22,(WT),Brain stem,27E,0.708,-0.143,1.066,5685.32,749.87,6.43,14145.38,18635.60,417.07,0.327,0.096,2.374,174.66,0.077,0.310,24.697,70.47,0.831,37.319,0.205,-0.006,0.002,0.006
172,22,(WT),Brain stem,28E,0.263,0.006,1.160,6086.85,1919.31,1.73,60536.74,12781.47,72909.67,3.217,0.113,1.738,198.93,0.042,0.346,11.936,95.66,0.633,22.164,35.929,0.288,0.001,0.002
3119,5,(WT),Brain stem,29E,1.000,0.007,0.986,6049.78,917.82,37.60,16199.45,21945.96,1020.24,0.571,0.271,2.894,142.92,0.071,1.021,24.527,84.42,1.055,39.024,0.484,-0.630,0.003,0.038
3120,5,(WT),Brain stem,30E,0.618,0.002,1.017,5927.50,857.28,19.51,15411.21,20666.36,272.73,0.629,0.099,2.784,133.27,0.073,0.718,21.157,86.01,1.004,37.016,0.115,-0.154,0.001,0.005
3121,5,(WT),Brain stem,31E,0.447,-0.003,1.170,5461.29,859.40,12.96,15457.09,18705.86,1945.18,0.730,0.047,2.527,129.87,0.051,0.754,20.626,70.47,1.007,33.894,0.942,0.059,0.001,0.008
3139,5,(WT),Brain stem,32E,0.377,-0.098,1.195,5839.53,853.32,11.76,14891.43,18688.99,462.22,0.788,0.156,2.681,134.85,0.059,0.377,26.879,130.27,0.835,30.693,0.270,0.126,0.001,0.008
3181,5,(WT),Brain stem,33E,1.370,-0.366,0.994,5547.91,846.57,41.05,13990.98,19252.54,324.73,0.062,0.284,2.662,128.31,0.087,9.905,20.701,118.70,0.965,29.630,0.160,-1.156,0.001,0.014
3183,5,(WT),Brain stem,34E,1.146,0.055,1.808,6740.37,908.13,30.93,15271.32,20476.62,393.22,0.220,0.612,3.604,142.40,0.069,1.065,32.371,114.21,0.852,31.160,0.254,-0.824,0.002,0.009
3184,5,(WT),Brain stem,35E,0.488,0.088,1.008,6800.55,1018.32,14.21,17751.80,23509.35,370.37,0.914,0.658,3.265,148.92,0.069,2.839,26.967,163.62,1.039,39.788,0.217,0.009,0.002,0.010
3185,5,(WT),Brain stem,36E,0.384,0.087,1.882,5652.84,887.58,14.46,15542.40,20026.41,583.53,0.967,0.400,3.308,168.26,0.067,0.661,23.637,65.34,1.039,35.258,0.425,0.101,0.002,0.005
704,9,(WT) APP/PS1 ,Brain stem,37E,0.863,-0.009,1.431,5121.49,758.98,27.66,14031.51,19520.98,685.53,0.566,1.054,2.196,157.63,0.084,1.874,16.693,134.34,0.797,28.748,0.304,-0.525,0.002,0.006
706,9,(WT) APP/PS1 ,Brain stem,38E,0.594,-0.053,1.187,6098.67,822.59,6.22,16127.22,20182.65,2023.06,0.482,0.862,2.124,152.49,0.068,1.042,21.728,102.75,0.908,34.649,0.866,-0.175,0.002,0.015
711,9,(WT) APP/PS1,Brain stem,39E,0.594,0.060,0.696,6327.28,916.14,78.24,16584.69,21713.94,672.45,0.542,1.266,2.787,162.33,0.072,0.267,26.694,79.36,0.897,36.877,0.363,-0.096,0.000,0.005
712,9,(WT) APP/PS1,Brain stem,40E,1.432,-0.285,2.562,5792.01,818.22,19.66,14886.28,20509.88,750.57,-0.256,0.446,2.232,159.46,0.087,1.675,31.673,79.20,0.922,32.031,0.406,-1.260,0.003,0.012
719,9,(WT) APP/PS1,Brain stem,41E,1.086,-0.059,1.411,6130.91,874.09,27.27,16612.29,22094.17,1082.66,0.287,0.553,2.214,143.68,0.147,0.496,21.262,82.83,1.001,35.145,0.555,-0.810,0.006,0.012
634,9,(WT) APP/PS1,Brain stem,42E,1.575,0.390,0.792,6163.13,835.59,21.94,15314.86,21190.45,647.16,-0.398,1.646,2.264,160.67,0.074,2.271,22.261,102.43,0.800,33.851,0.335,-1.479,0.006,0.012
636,9,(WT) APP/PS1,Brain stem,43E,1.125,-0.066,2.065,8341.96,1163.50,40.90,22024.57,29114.37,628.33,0.238,0.659,3.735,191.29,0.079,0.546,31.556,115.99,0.937,51.503,0.266,-0.617,0.003,0.008
675,9,(WT) APP/PS1,Brain stem,44E,0.217,0.019,1.003,5721.59,864.38,2.84,17696.02,20174.48,573.83,0.754,1.434,2.172,141.98,0.063,0.110,27.642,63.17,1.138,34.845,0.235,0.475,0.002,0.001
633,9,APP/PS1,Brain stem,45E,0.708,-0.109,0.969,6212.61,829.14,19.02,15591.33,20556.48,408.08,0.411,0.279,2.789,149.23,0.086,0.988,27.620,82.19,0.996,33.671,0.150,-0.230,0.001,0.005
635,9,APP/PS1,Brain stem,46E,1.000,0.087,1.096,6096.25,821.29,7.60,15510.37,20932.10,541.01,0.179,3.900,2.839,134.37,0.076,1.354,24.105,82.33,0.816,33.940,0.248,-0.714,0.005,0.012
676,9,APP/PS1,Brain stem,47E,0.788,0.006,1.432,5848.07,867.05,13.46,16374.86,21115.86,1506.42,0.193,0.302,2.419,166.53,0.075,0.323,20.971,66.81,1.040,33.748,0.723,-0.495,0.001,0.005
705,9,APP/PS1,Brain stem,48E,0.453,-0.085,1.060,5360.30,817.83,4.22,14790.37,19614.07,290.51,0.580,2.529,2.127,148.75,0.057,0.220,19.453,65.28,0.967,30.778,0.133,-0.023,0.001,0.004
707,9,APP/PS1,Brain stem,49E,0.481,-0.088,1.493,5910.68,896.04,6.51,16081.27,21227.34,205.63,0.639,1.495,2.310,159.68,0.066,0.205,22.788,63.71,1.026,32.881,0.107,0.081,0.002,0.004
713,9,APP/PS1,Brain stem,50E,0.553,-0.017,0.988,5953.24,929.41,2.91,16872.24,22624.21,224.82,0.534,0.074,2.798,141.51,0.065,0.276,24.782,67.43,1.029,38.542,0.129,-0.045,0.002,0.005
718,9,APP/PS1,Brain stem,51E,0.900,-0.160,1.107,5779.77,745.95,5.49,13725.15,18633.95,337.83,0.042,0.063,2.380,124.50,0.059,0.677,26.890,61.87,0.799,31.370,0.204,-0.623,0.002,0.008
226,5,NFL,Siatic nerve,01F,0.558,0.052,2.339,4323.60,233.38,7.12,7377.34,3696.89,195.00,4.498,0.760,0.350,33.21,0.042,11.511,1.445,23.32,0.381,8.927,0.121,53.654,0.014,0.026
227,5,NFL,Siatic nerve,02F,0.432,-0.105,2.036,4536.25,461.23,21.98,9061.23,7350.95,213.92,1.983,0.199,0.442,34.26,0.021,5.506,1.935,30.23,0.587,17.648,0.109,9.305,0.007,0.011
228,5,NFL,Siatic nerve,03F,0.382,0.007,1.530,5225.48,406.42,14.10,9813.60,6530.44,341.77,1.292,0.343,0.455,40.44,0.022,0.434,2.238,33.09,0.466,15.872,0.140,3.675,0.006,0.005
229,5,NFL,Siatic nerve,04F,1.125,0.274,2.710,5073.82,325.13,19.34,8656.74,5226.11,1465.17,1.936,1.111,0.857,42.56,0.044,24.114,3.338,58.01,0.620,13.213,0.355,5.806,0.012,0.027
230,5,NFL,Siatic nerve,05F,0.568,-0.165,1.846,4779.61,297.21,23.38,8467.12,4884.48,514.71,0.930,0.359,0.448,37.95,0.023,1.984,1.675,27.80,0.513,12.924,0.266,2.039,0.005,0.007
232,5,NFL,Siatic nerve,06F,0.534,0.098,3.316,4316.11,274.11,6.92,8065.83,4291.46,515.49,1.357,1.902,0.679,46.61,0.028,4.244,1.716,27.11,0.480,10.421,0.252,1.239,0.004,0.008
233,5,NFL,Siatic nerve,07F,1.969,-0.213,6.122,5405.47,385.07,13.87,11763.68,5930.86,625.82,3.071,1.247,1.590,63.60,0.094,4.845,8.443,35.99,0.446,14.171,0.360,2.329,0.021,0.015
234,5,NFL,Siatic nerve,08F,0.955,-0.247,1.540,3557.20,245.16,5.08,6075.35,3969.02,371.27,1.573,1.349,0.497,35.49,0.026,2.629,1.510,25.28,0.497,11.018,0.185,0.627,0.007,0.011
238,5,NFL,Siatic nerve,09F,0.969,-0.062,11.689,5198.58,609.89,16.16,10756.87,9087.91,993.83,2.445,9.565,4.534,137.51,0.174,8.386,7.065,48.50,0.518,22.969,1.245,0.370,0.009,0.025
237,5,NFL,Siatic nerve,10F,0.417,0.030,2.380,5194.41,363.63,7.25,7817.92,6263.46,582.23,1.119,0.461,0.720,54.54,0.021,0.240,2.899,38.96,0.568,14.468,0.250,0.107,0.002,0.006
236,5,NFL,Siatic nerve,11F,0.470,0.039,1.968,3605.41,414.54,11.81,6550.90,5664.31,1440.70,1.368,1.752,1.581,59.13,0.028,0.706,1.798,29.43,0.398,13.304,0.739,-0.115,0.003,0.011
235,5,NFL,Siatic nerve,12F,0.457,-0.036,2.020,5023.84,311.30,9.84,8695.12,4639.51,1653.95,1.515,1.203,0.829,65.29,0.038,2.600,2.470,38.60,0.492,12.159,0.742,-0.035,0.002,0.006
162379,22,NFL,Siatic nerve,13F,1.000,0.240,3.282,4527.28,298.62,15.79,7929.83,4294.92,1375.44,1.784,5.019,1.139,77.94,0.029,3.506,1.774,151.13,0.420,12.770,0.612,-0.581,0.004,0.012
162380,22,NFL,Siatic nerve,14F,0.412,0.022,1.531,4415.04,340.00,5.88,6355.24,3861.94,831.46,1.044,0.383,0.418,55.11,0.020,0.321,1.885,38.57,0.382,8.775,0.258,-0.173,0.002,0.004
162381,22,NFL,Siatic nerve,15F,0.426,0.104,8.429,4221.20,267.52,9.40,7740.32,3991.86,550.51,1.451,0.541,6.352,64.73,0.024,0.727,1.261,30.95,0.369,9.293,0.343,-0.258,0.001,0.010
162382,22,NFL,Siatic nerve,16F,0.677,0.071,13.668,4353.41,231.54,15.55,6964.93,3279.23,531.64,0.873,3.162,1.280,69.04,0.121,1.461,1.678,111.56,0.406,6.509,0.404,-0.534,0.003,0.008
13,22,NFL,Siatic nerve,17F,1.432,0.262,2.856,12283.34,435.13,20.30,11525.93,7403.32,1782.29,0.970,0.732,2.264,177.70,0.047,6.047,7.703,81.90,0.744,21.515,1.181,-1.398,0.002,0.007
14,22,NFL,Siatic nerve,18F,0.900,0.035,1.931,5927.04,305.14,8.41,8292.22,5493.97,269.26,0.644,0.327,0.320,82.04,0.027,1.936,2.378,55.05,0.551,14.614,0.151,-0.847,0.004,0.006
15,22,NFL,Siatic nerve,19F,0.303,0.348,0.759,4507.92,483.89,6.52,8467.69,7098.83,1681.23,0.691,4.090,0.542,93.18,0.037,0.814,2.400,41.78,0.561,18.522,0.468,-0.154,0.001,0.005
161464,22,(WT),Siatic nerve,20F,0.444,0.055,1.724,5359.85,342.53,3.60,10709.68,7247.98,583.13,0.967,0.168,0.275,68.25,0.027,0.873,2.172,38.99,0.347,17.755,0.186,-0.369,0.003,0.007
161466,22,(WT),Siatic nerve,21F,0.460,-0.054,1.498,4531.91,506.28,9.97,9603.99,9390.65,519.08,0.812,1.880,0.455,45.33,0.021,1.034,2.344,43.32,0.591,22.752,0.214,-0.394,0.003,0.005
161468,22,(WT),Siatic nerve,22F,0.600,-0.017,2.639,6423.06,501.82,2.74,12542.74,10158.85,882.37,1.215,3.083,0.658,73.50,0.029,1.151,3.210,40.60,0.611,20.786,0.381,-0.575,0.003,0.004
161469,22,(WT),Siatic nerve,23F,0.103,-0.010,0.669,4721.28,331.78,2.09,12367.46,6855.38,366.67,0.730,1.210,0.206,27.29,0.012,0.145,1.069,14.68,0.368,15.011,0.145,-0.047,0.001,0.001
161470,22,(WT),Siatic nerve,24F,1.000,,,,,,,,,,,,,,,,,,,,,,
169,9,(WT),Siatic nerve,25F,0.162,-0.029,0.625,2792.50,228.76,2.32,6109.22,4702.49,179.80,0.373,0.103,0.151,19.57,0.009,0.127,28.342,19.97,0.231,13.176,0.111,-0.154,0.001,0.002
170,22,(WT),Siatic nerve,26F,0.071,-0.005,0.567,3828.06,890.29,1.10,32028.74,2972.12,42608.93,1.917,0.256,0.455,46.94,0.011,0.055,0.743,40.46,0.242,9.251,20.036,0.048,0.000,0.001
171,22,(WT),Siatic nerve,27F,0.220,0.014,0.717,5416.51,373.81,1.14,13723.79,8023.87,241.22,0.766,0.023,0.176,23.66,0.012,0.243,1.144,12.60,0.308,25.206,0.129,-0.215,0.001,0.002
172,22,(WT),Siatic nerve,28F,0.293,0.040,0.874,3589.08,242.79,3.39,7949.57,5294.21,599.61,0.547,0.141,0.176,20.08,0.017,0.221,1.011,20.11,0.294,14.861,0.308,-0.325,0.001,0.003
3119,5,(WT),Siatic nerve,29F,0.253,-0.005,0.767,7067.97,292.85,9.58,6855.23,5295.15,442.25,0.627,0.230,0.217,74.54,0.023,0.202,2.080,20.59,0.449,14.860,0.229,-0.198,0.001,0.002
3120,5,(WT),Siatic nerve,30F,0.420,-0.003,0.783,5088.94,318.57,12.64,9501.81,6356.64,264.31,1.045,0.128,0.303,43.58,0.020,0.961,1.766,18.37,0.432,18.396,0.166,-0.437,0.001,0.004
3121,5,(WT),Siatic nerve,31F,0.148,0.013,0.448,2945.46,262.72,5.25,7740.74,2897.62,5636.16,0.613,0.279,0.199,24.59,0.008,0.147,0.845,14.39,0.246,8.570,2.579,-0.132,0.000,0.002
3139,5,(WT),Siatic nerve,32F,0.294,0.016,0.661,4605.57,341.32,9.17,10944.76,6894.56,237.00,1.211,0.127,0.267,26.93,0.012,0.652,1.660,17.64,0.450,19.130,0.162,-0.274,0.001,0.002
3181,5,(WT),Siatic nerve,33F,0.274,0.089,0.818,4452.69,586.36,9.17,11740.84,10085.38,248.11,0.917,0.059,0.379,29.01,0.013,0.148,2.026,23.14,0.539,24.507,0.142,-0.256,0.001,0.003
3183,5,(WT),Siatic nerve,34F,1.000,,,,,,,,,,,,,,,,,,,,,,
3184,5,(WT),Siatic nerve,35F,0.716,-0.041,1.403,5093.00,392.78,19.83,11129.68,7629.55,416.54,1.940,0.500,0.425,42.33,0.022,2.276,2.379,35.29,0.577,20.200,0.251,-0.850,0.004,0.005
3185,5,(WT),Siatic nerve,36F,0.534,0.072,2.735,5447.51,353.11,20.90,10383.45,7428.30,680.82,1.648,0.204,5.234,50.23,0.380,12.139,5.866,38.42,0.541,20.780,0.557,-0.571,0.002,0.007
704,9,(WT) APP/PS1 ,Siatic nerve,37F,0.323,-0.062,0.995,3602.45,163.85,4.31,4589.70,3762.32,325.99,0.322,0.860,0.186,45.32,0.021,0.650,1.122,25.79,0.303,8.755,0.184,-0.383,0.002,0.004
706,9,(WT) APP/PS1 ,Siatic nerve,38F,0.485,-0.004,1.380,5037.24,478.27,4.32,10623.55,9349.24,266.29,0.676,0.890,0.265,43.55,0.018,0.565,2.016,25.46,0.497,28.218,0.147,-0.572,0.003,0.004
711,9,(WT) APP/PS1,Siatic nerve,39F,0.313,-0.104,1.120,5431.62,342.64,4.38,11415.92,7842.49,424.48,0.717,0.176,0.243,35.92,0.020,0.889,1.494,18.33,0.377,21.306,0.243,-0.344,0.001,0.003
712,9,(WT) APP/PS1,Siatic nerve,40F,0.368,-0.063,1.746,8381.60,416.25,12.03,12469.00,9243.01,519.67,0.795,2.549,0.297,122.46,0.031,0.713,2.435,35.01,0.797,24.814,0.304,-0.198,0.001,0.003
719,9,(WT) APP/PS1,Siatic nerve,41F,0.453,-0.024,0.953,5080.50,442.27,10.36,10422.70,8700.66,290.90,0.634,0.287,0.221,48.98,0.027,0.928,2.002,19.97,0.508,25.943,0.155,-0.533,0.002,0.003
634,9,(WT) APP/PS1,Siatic nerve,42F,0.286,0.027,0.663,4973.97,361.95,11.98,11303.89,7994.65,310.39,0.746,0.136,0.212,36.09,0.016,0.335,1.383,19.85,0.437,22.368,0.109,-0.319,0.001,0.003
636,9,(WT) APP/PS1,Siatic nerve,43F,0.474,0.010,1.017,5823.24,357.43,21.43,11564.76,8340.21,370.24,0.668,0.902,0.318,35.05,0.025,0.437,4.589,26.90,0.588,25.870,0.171,-0.553,0.003,0.010
675,9,(WT) APP/PS1,Siatic nerve,44F,0.391,-0.026,1.027,4973.95,304.55,4.53,10571.51,7141.31,180.80,0.622,0.341,0.146,53.63,0.027,0.483,1.272,16.63,0.377,19.873,0.098,-0.002,0.002,0.004
633,9,APP/PS1,Siatic nerve,45F,0.441,-0.045,0.851,4963.92,391.64,8.33,11093.99,8626.71,478.93,0.729,0.146,0.269,31.80,0.026,0.601,2.093,21.81,0.481,25.387,0.153,-0.528,0.002,0.003
635,9,APP/PS1,Siatic nerve,46F,0.589,-0.152,1.097,6662.08,323.98,16.79,10812.77,7946.76,217.65,0.601,0.172,0.204,43.63,0.019,1.449,1.853,28.73,0.641,22.922,0.130,-0.771,0.003,0.004
676,9,APP/PS1,Siatic nerve,47F,0.328,0.080,1.319,4861.41,314.51,4.62,10612.99,7502.31,196.94,0.649,0.334,0.181,43.62,0.016,0.190,1.350,15.88,0.353,19.956,0.114,-0.338,0.002,0.004
705,9,APP/PS1,Siatic nerve,48F,0.441,-0.059,1.188,4727.23,324.79,6.01,10353.29,7351.68,497.27,0.637,0.740,0.210,31.69,0.025,0.717,1.499,21.39,0.429,18.391,0.278,-0.529,0.002,0.003
707,9,APP/PS1,Siatic nerve,49F,1.800,-0.107,1.918,41622.61,454.15,7.88,14509.03,10975.37,274.85,0.730,0.389,0.333,81.69,0.022,0.684,1.843,19.48,0.718,25.699,0.255,-2.651,0.010,0.010
713,9,APP/PS1,Siatic nerve,50F,0.407,-0.030,1.716,7098.46,350.72,13.70,11227.55,8175.66,222.42,0.702,71.065,1.301,91.38,0.016,0.429,3.995,26.35,0.525,23.557,0.163,-0.448,0.001,0.005
718,9,APP/PS1,Siatic nerve,51F,0.236,-0.044,0.850,4799.37,263.25,2.71,6476.31,5317.32,197.55,0.519,2.071,0.212,104.75,0.013,0.147,1.442,15.89,0.416,15.366,0.115,-0.173,0.001,0.002
